id,salary
1,49756.53
2,150280.17
3,144972.51
4,90263.05
6,69227.11
8,186469.43
9,231067.84
11,210001.95
13,44165.46
14,286592.99
15,157099.71
16,239100.65
17,116800.65
18,248877.99
19,177122.99
20,137251.19
21,87978.22
22,131283.64
23,182233.49
24,278001.46
25,176178.75
26,170085.81
27,284300.15
28,108950.24
29,247939.52
30,118310.72
31,135007.96
32,149720.75
33,242593.85
34,109644.23
35,45639.62
36,91370.3
37,57194.86
38,67783.73
39,134708.82
40,81685.1
41,212105.33
42,284728.99
43,213410.26
44,133884.94
45,67661.42
46,111569.22
47,66260.14
48,199100.32
49,210631.91
50,256068.38
51,100269.36
52,173300.37
53,168208.4
54,153238.6
55,92837.5
56,200827.88
57,184978.64
58,144164.88
59,69236.54
60,179378.0
61,197445.45
62,118311.39
63,129632.55
64,280933.71
66,152382.69
67,268468.96
68,234502.16
69,146917.43
70,253108.75
72,91566.02
74,59413.85
75,92315.94
76,179193.6
77,121013.48
78,166987.55
79,67211.67
80,110408.87
81,43019.01
84,131855.43
85,145282.64
86,40664.88
87,265985.0
88,242129.05
89,258772.36
90,100733.44
91,47723.61
92,105051.77
93,155597.16
94,181481.5
95,83986.79
96,130054.63
97,238119.62
98,67749.83
100,175694.61
101,241582.88
102,177230.52
103,49742.47
104,42185.2
106,90686.59
107,80083.39
108,275527.02
110,203281.91
111,68571.67
112,172847.04
113,266115.82
114,193643.49
115,122235.49
116,44992.44
117,268876.47
118,130062.87
119,259437.58
121,249075.17
122,248316.41
124,80148.64
125,278872.56
127,271474.26
128,122968.8
129,250832.85
131,243703.19
133,239135.31
134,178852.92
135,103227.22
136,141382.82
137,274927.74
139,68957.39
140,178720.21
141,47314.92
142,250638.66
143,267939.14
144,68009.56
145,92535.32
146,163038.6
147,227328.5
148,150483.67
149,236421.33
150,188108.3
151,271506.13
153,181053.56
154,135993.67
155,165737.68
156,121634.14
157,155562.05
158,91481.77
159,270033.06
161,121854.47
162,79184.71
163,42270.96
164,111919.52
166,80807.72
167,65876.95
168,50521.84
170,244488.5
171,210675.65
172,116359.29
173,82283.83
174,95448.56
175,75886.69
177,127715.63
178,80535.38
179,260476.46
180,43447.9
181,225343.37
182,234655.06
183,235320.55
184,220720.28
185,143901.18
186,100391.51
187,48708.54
188,229308.44
189,269325.43
190,75942.64
191,127088.79
192,217105.5
193,51701.32
194,70398.55
195,239690.34
196,195580.83
197,66158.0
198,76690.52
199,85100.7
200,173849.81
201,252555.65
203,86453.5
204,51413.58
205,72898.31
209,210044.79
210,286061.25
211,196346.52
212,112783.86
213,185445.08
214,247208.27
215,218538.31
216,166171.93
217,248037.18
218,236048.29
219,53679.54
221,111349.02
222,49611.44
223,277545.53
224,101840.77
225,220302.18
228,280888.16
229,158817.59
230,265655.28
231,242128.51
232,42567.61
233,216475.48
234,81503.73
236,152915.75
237,239971.48
238,144903.68
241,269519.07
242,220086.62
243,219259.56
245,185682.77
246,123396.5
248,58252.31
249,244640.93
250,220315.05
252,266675.71
254,118900.17
255,208080.39
256,76515.11
257,271701.21
258,213693.1
259,144380.34
260,168286.74
261,279439.22
262,206503.74
263,120323.4
267,158186.92
268,210773.28
269,207226.25
270,183331.47
271,163970.4
272,57583.16
273,93969.56
274,278945.86
275,181694.23
276,218124.48
278,152568.71
280,102882.64
281,252768.16
282,83888.12
283,100320.59
284,59816.49
285,220625.63
286,214031.75
287,170057.49
288,209939.32
289,90053.14
290,168177.8
291,109927.88
292,256483.86
294,78107.8
295,189933.73
296,42300.34
299,41391.87
300,275864.65
302,215535.07
304,137009.08
306,112092.4
308,209961.64
309,281530.51
311,131098.87
312,249091.37
314,211553.57
315,82123.65
316,247710.03
317,231781.92
318,250583.46
319,154295.86
320,91826.47
321,240114.44
322,140594.79
323,245612.21
324,120044.03
325,177875.38
327,208938.05
328,267126.78
329,238760.12
330,179172.97
331,194872.52
332,127100.05
333,89429.08
334,101175.81
335,109168.52
336,228238.52
337,192269.48
338,186570.75
339,79574.68
340,83759.68
341,161602.37
342,121573.25
343,48693.32
344,252594.23
345,46916.28
346,167210.78
347,143816.5
348,87809.13
349,165534.61
351,97806.41
352,138081.99
353,148825.47
354,47901.96
355,66456.87
356,85508.82
357,114950.54
360,177415.14
361,164723.77
362,268319.27
363,107626.35
365,271300.84
366,210363.08
367,163535.84
369,227366.9
371,164259.17
372,216595.18
373,247662.42
374,277868.56
375,118244.57
376,268155.43
377,96341.0
378,135382.18
379,92766.32
381,279624.98
382,205132.28
383,272520.3
384,265265.73
385,98200.01
386,234028.75
387,168161.22
388,45920.63
389,200958.14
390,75888.06
391,163436.24
392,245592.99
393,56293.41
395,177269.3
396,150158.33
397,101833.88
398,51950.58
400,89258.41
402,196144.17
403,86521.84
404,227502.55
405,114445.23
406,197654.56
408,156089.8
409,78643.95
410,194611.56
411,108774.52
413,241268.34
414,213025.8
415,235677.36
416,253339.32
417,134104.24
418,119457.8
420,279008.12
421,241297.92
422,145109.54
423,257957.99
425,206566.95
427,197529.02
430,171353.17
431,249731.91
432,234820.44
434,223140.16
435,81578.38
436,48144.45
438,281518.5
439,232876.5
440,121560.76
441,132289.77
442,166409.44
443,72728.15
444,111361.12
445,166435.27
446,77727.13
447,220722.0
448,59133.93
449,193580.95
450,204807.62
451,279777.18
452,76450.89
453,193301.99
454,264109.73
456,175537.91
457,113920.64
458,253248.63
459,262822.78
461,264459.67
462,283517.64
463,265291.91
464,86246.0
466,68686.54
467,271799.8
468,59690.79
469,84693.74
470,235606.76
471,83147.41
472,66514.52
473,279373.0
474,242298.31
475,138775.31
477,136458.61
478,82219.61
479,262448.45
480,166307.76
482,192652.33
483,194143.4
484,282494.15
485,47495.32
486,231726.14
487,102377.28
488,68571.57
492,179035.39
493,76983.81
494,191792.39
495,73465.77
496,274191.96
497,275697.75
498,172932.61
499,236136.96
500,182987.09
501,90018.27
505,160751.9
507,215282.56
508,248256.39
509,64132.18
510,129493.53
511,256375.52
512,256217.09
513,192489.94
514,155432.51
515,186069.11
516,132126.11
517,238683.97
518,284062.49
519,95138.05
520,259912.24
521,262816.87
522,216380.44
523,106832.85
524,108844.98
526,284737.57
527,54049.97
528,77829.12
529,182417.34
530,53551.99
531,191889.2
532,65438.77
533,261618.16
534,59605.45
535,189726.31
536,265930.69
537,111830.3
539,231014.0
540,95632.87
541,140645.72
542,220421.92
543,163366.16
544,152877.19
545,102158.99
547,168212.17
548,103456.02
549,154604.49
551,275248.4
552,244252.11
554,115826.12
555,186393.54
557,51238.48
558,274506.11
559,209322.0
560,96257.91
561,54161.0
562,100606.14
563,238206.66
564,159810.79
565,266115.61
567,83990.29
568,238001.85
569,197315.0
570,243124.42
572,159841.26
574,66969.06
575,273445.92
576,181281.38
577,187012.51
578,123251.02
579,171058.16
580,232187.53
581,95923.43
582,146425.12
584,95013.72
585,53071.01
587,203636.42
588,61871.37
589,278447.61
590,174954.95
591,244134.1
592,77329.82
593,230699.71
594,235516.87
595,87984.37
596,121369.63
597,278127.82
598,101509.37
599,131270.12
600,181835.15
603,276274.17
604,87826.74
605,258321.2
606,48040.44
607,169429.76
608,145347.39
610,254300.0
611,95828.75
612,131070.41
613,231766.59
614,131783.55
616,105434.9
617,99164.83
618,273837.25
619,141192.26
620,190684.63
621,190499.55
622,50014.55
624,108673.32
625,122077.1
626,113069.82
627,54670.38
628,197146.28
629,179065.48
630,187565.22
631,245149.04
632,59422.98
633,276712.79
634,107814.36
635,265321.18
636,80600.98
637,229694.81
638,252705.89
639,273048.56
640,177925.54
642,284608.82
643,201611.79
644,192319.06
645,93128.85
647,85005.03
648,46534.77
649,63672.39
650,102618.68
651,111292.6
652,165171.96
653,127912.54
654,216222.79
655,68913.72
656,247539.54
657,202888.31
658,101734.8
659,183928.71
660,47392.73
661,150782.23
662,272850.84
663,149849.0
664,257366.0
666,87780.26
667,192187.5
668,119679.62
669,186605.54
670,274295.42
671,106263.77
672,120614.19
674,204551.91
675,208052.78
676,170234.61
677,181413.87
679,124768.37
680,60896.93
681,210804.85
682,211890.0
685,54385.21
686,116903.95
687,278653.1
689,231721.8
690,261701.73
691,73004.37
692,124322.86
693,210377.48
694,125776.52
696,206165.0
697,234723.0
698,267304.2
699,146980.49
700,155683.89
701,154249.82
702,93795.09
703,250792.0
704,143785.39
705,115133.62
707,116075.67
708,212070.86
709,79230.87
710,109632.96
711,161093.15
712,125946.64
713,220176.18
715,173265.26
716,182541.43
717,70884.64
718,224768.68
719,130010.63
720,135772.75
722,171963.73
723,163888.09
724,49666.92
725,167008.47
726,211714.65
727,154710.05
728,229095.6
730,47293.4
731,158415.44
732,173818.17
733,156965.06
734,194613.16
735,166867.86
736,151136.14
737,249663.82
738,278553.57
739,51942.61
740,56415.51
741,253022.01
742,183417.69
743,189088.85
744,164117.18
746,60599.6
749,139177.38
750,259249.3
751,118827.28
752,122705.75
753,276963.18
754,235772.49
755,79366.8
758,114029.66
759,230671.26
760,259094.47
761,107594.9
762,105287.39
763,118824.39
765,201471.6
766,263060.59
767,123695.83
768,78310.93
769,59713.76
770,220154.0
771,57794.05
772,132199.15
773,244880.86
774,275002.36
776,253657.82
777,42559.27
780,195016.91
781,74068.94
782,140881.67
783,283771.86
784,100729.54
785,194214.08
786,124094.94
787,263388.67
788,192076.79
789,49994.64
790,219414.86
791,115823.79
792,99291.05
793,67582.2
796,43533.38
797,165569.54
798,148078.98
799,142558.09
800,42010.56
801,267475.37
802,43896.22
803,143938.05
804,99310.35
805,90859.41
806,48217.19
807,220075.67
808,180081.67
809,127504.76
811,136458.65
812,164299.53
813,275422.83
814,153240.76
817,275736.73
818,146426.94
819,237867.91
820,95569.15
821,120076.81
822,132557.5
823,244637.47
824,211916.73
825,111687.53
826,57732.98
827,279603.19
828,279697.41
829,63828.87
830,210332.14
831,116000.44
832,239812.39
836,161925.71
837,79324.35
838,233719.55
840,115582.17
841,62373.66
843,75508.55
845,281001.88
846,169116.59
847,95773.15
849,44614.13
850,191193.76
851,233389.42
852,263412.02
853,102625.87
855,44680.46
858,173136.79
859,178314.08
860,240935.71
861,265408.34
862,91249.0
863,241650.17
865,92768.07
866,158751.06
867,170605.29
870,63068.38
871,285036.95
872,170176.05
873,109649.51
874,83213.49
875,144773.83
876,220585.61
879,250449.32
880,282503.77
881,159452.33
882,253692.7
883,48403.85
884,187086.65
885,277684.02
886,60983.14
887,87257.52
888,261087.2
889,155424.22
890,168447.99
891,253326.32
892,134644.79
893,104687.68
894,109821.73
895,90852.26
896,90033.07
898,224108.97
899,170548.63
900,175184.97
902,202314.22
903,235757.92
904,229491.57
905,171213.1
907,143960.44
908,163675.1
909,164954.8
910,228448.32
912,224605.37
913,49742.13
914,113948.38
915,124232.33
916,238104.48
917,282764.94
918,224817.58
919,52860.5
920,149870.24
922,42098.15
923,191618.3
924,51338.19
926,123090.54
927,82186.96
928,54666.18
929,44739.92
930,210297.79
931,90477.38
932,279274.96
933,248210.26
934,111390.13
935,147568.54
936,42139.35
939,56167.67
940,53708.0
941,152085.2
943,185554.08
944,76700.47
945,249483.46
946,202742.29
947,226478.48
949,55193.11
950,234295.06
952,150656.9
953,87466.14
954,76822.27
955,136296.33
956,141108.99
957,92862.24
959,124538.92
960,222839.61
961,215783.39
962,91740.01
963,80900.22
964,188585.6
965,230451.15
966,176215.0
969,245220.16
971,126520.43
972,255985.99
973,161881.49
974,254305.28
975,123903.42
976,139790.85
977,92863.56
978,267658.75
979,79168.38
980,114074.93
982,186545.92
983,104324.94
985,239554.74
986,68588.97
987,95962.59
988,165473.43
989,261999.27
990,138836.75
991,124353.04
992,158522.84
993,166651.78
994,120933.54
995,275898.37
996,263399.54
997,83183.54
1000,222561.13
3001,277302.99
3002,209258.05
3005,163979.38
3006,74337.42
3007,128665.86
3008,68907.46
3009,71646.15
3010,137924.13
3012,93283.06
3013,208303.6
3014,53502.26
3015,142643.38
3016,52614.1
3017,284906.49
3019,119492.57
3020,47859.54
3021,117790.3
3022,47283.17
3024,274187.59
3025,84756.66
3026,217443.08
3027,256763.22
3028,166396.41
3029,123411.44
3030,115305.8
3031,213273.21
3034,261893.92
3035,43742.89
3036,185185.85
3037,45785.65
3038,110448.0
3039,126454.68
3040,213713.99
3041,207149.01
3042,52279.16
3043,59681.04
3044,41351.4
3045,162142.52
3046,200217.98
3047,248987.0
3049,261175.89
3051,101626.65
3052,235457.76
3053,111413.03
3054,185788.86
3055,285481.87
3056,57832.83
3057,164010.7
3058,207065.08
3059,281404.55
3060,96243.17
3061,269498.0
3062,44528.64
3063,269467.08
3064,58802.03
3066,181594.54
3067,152915.03
3068,239398.41
3069,239482.42
3070,66432.01
3072,104365.11
3073,218616.17
3074,277530.58
3076,175586.21
3077,47750.6
3078,78319.93
3081,259707.25
3082,233848.07
3083,241046.96
3084,245352.11
3085,240505.52
3086,72758.49
3087,162909.64
3089,139612.73
3090,213500.16
3091,88039.86
3092,202446.54
3093,134745.75
3094,245162.49
3095,164689.56
3096,74028.68
3097,78692.34
3098,127883.56
3099,214872.75
3101,202588.54
3102,178641.57
3103,56107.82
3104,189047.44
3107,209345.08
3108,67811.03
3109,166805.79
3110,267786.3
3111,40771.82
3112,178383.82
3113,180083.18
3114,284917.67
3117,85554.95
3118,265432.3
3119,208326.93
3120,145497.02
3121,69297.99
3122,95125.69
3123,91246.66
3124,61901.91
3128,235610.3
3129,53154.39
3130,179319.0
3131,170115.42
3132,60426.42
3133,126822.16
3134,249987.44
3135,102275.64
3136,95481.67
3137,255634.61
3138,42511.82
3139,178864.03
3140,157444.39
3143,70769.65
3144,56717.9
3145,256093.71
3148,175168.8
3149,170634.25
3150,215405.22
3151,272625.31
3152,212738.65
3153,255544.04
3154,120775.68
3155,263352.79
3158,56092.93
3159,221181.39
3160,243372.72
3161,102411.14
3162,228896.01
3163,174353.91
3164,243318.68
3165,123558.49
3166,121539.75
3167,254828.23
3169,213608.13
3170,232499.96
3171,274201.76
3173,178799.38
3174,85985.21
3175,134844.31
3176,143141.57
3177,208054.64
3178,267092.73
3179,155373.53
3180,71716.37
3181,200027.2
3184,86526.76
3186,279024.29
3187,282053.58
3188,135351.11
3189,254347.88
3190,95055.95
3191,84956.8
3192,98991.0
3193,63607.01
3194,256154.05
3195,56084.42
3196,222665.03
3197,204106.08
3198,224152.29
3200,284896.59
3201,167441.61
3202,164647.57
3204,150598.38
3205,73629.28
3206,128937.02
3207,53445.68
3208,115724.26
3209,236181.24
3210,63610.22
3211,83807.95
3212,203470.67
3213,212085.53
3214,245998.37
3215,150688.9
3216,78832.75
3217,192214.67
3218,149761.5
3219,83480.38
3220,62918.63
3221,110861.3
3222,184679.01
3223,92867.97
3224,279842.71
3225,90283.6
3226,215886.81
3227,178983.43
3228,278443.15
3230,70633.78
3231,88981.64
3232,183710.0
3233,171099.26
3234,97049.49
3236,204562.87
3237,210742.87
3239,241130.56
3240,141763.03
3241,154144.06
3242,186783.76
3244,69181.92
3246,228641.79
3247,162390.92
3248,153867.71
3249,48702.32
3250,267020.22
3251,169786.66
3252,211054.45
3253,267691.2
3254,122931.87
3255,196772.5
3256,236221.3
3257,110159.91
3258,173322.93
3259,228482.85
3260,59062.07
3261,282461.8
3262,147422.81
3264,273542.32
3266,191505.44
3268,182185.0
3269,89368.56
3270,103745.58
3272,95448.83
3273,137321.77
3274,86002.79
3275,268782.22
3276,77792.71
3277,150147.12
3278,277393.1
3279,158317.63
3280,257989.99
3281,166011.52
3282,224233.61
3284,126240.04
3285,53881.53
3286,166155.41
3287,133705.64
3288,116623.78
3289,62498.36
3290,202481.19
3291,187830.45
3292,190606.43
3293,41388.68
3294,79397.7
3295,135653.27
3296,280913.01
3297,189178.45
3298,66701.14
3299,52763.31
3300,214316.24
3301,132933.39
3304,254303.82
3305,44962.1
3306,92359.81
3307,277619.14
3308,191359.55
3309,220273.46
3310,121536.68
3312,276710.25
3313,49481.01
3314,84421.54
3315,195488.95
3317,155851.78
3318,165093.4
3319,193449.0
3320,57004.47
3321,57175.48
3322,97962.06
3323,276479.53
3324,59754.4
3325,84716.67
3326,208123.98
3327,140934.81
3328,106896.08
3329,171980.13
3330,180677.66
3331,125588.47
3332,57793.0
3333,246324.26
3334,195268.29
3335,183324.69
3336,278697.87
3337,186164.78
3338,82650.79
3339,225067.03
3340,119306.64
3341,108492.28
3342,159138.29
3343,118357.87
3344,111334.2
3345,55170.71
3347,161233.86
3348,132790.0
3349,139663.45
3350,103640.15
3351,162165.11
3352,90290.32
3354,245073.97
3355,206839.24
3356,60435.4
3357,169671.09
3358,115187.5
3359,73695.18
3360,196768.23
3361,186361.7
3362,94344.49
3363,233850.21
3364,273684.03
3365,218896.05
3367,162442.93
3368,188912.91
3369,257973.8
3370,134676.08
3372,132668.27
3373,42334.87
3376,72914.56
3378,165192.1
3379,164272.65
3380,187291.1
3381,121065.33
3382,83572.53
3383,116393.73
3385,196991.58
3386,266726.33
3387,255827.01
3388,120359.72
3390,213685.24
3391,193052.93
3393,143950.85
3394,283903.92
3396,62665.85
3397,78194.02
3398,94577.89
3399,185337.05
3400,227581.98
3401,135111.43
3402,275200.75
3403,99773.16
3404,212842.23
3406,75696.43
3407,209812.87
3408,272455.0
3409,169913.1
3410,117361.02
3411,185953.46
3412,126824.67
3413,41025.66
3414,97178.97
3415,122248.04
3416,92036.09
3417,188429.99
3418,91251.0
3420,196240.35
3422,80006.27
3423,200926.16
3424,159911.7
3425,195983.76
3426,162175.01
3427,246452.38
3428,238559.95
3429,73948.35
3430,85623.28
3431,125216.65
3432,245201.62
3433,119155.4
3434,284792.58
3435,54205.07
3438,43754.21
3439,146503.61
3440,197005.0
3441,221614.2
3442,70152.04
3443,218242.73
3445,84128.7
3446,239092.85
3447,206984.85
3448,251684.16
3449,252802.34
3450,216955.35
3451,243684.72
3452,258448.85
3453,51514.52
3454,136062.09
3455,131713.01
3456,179261.03
3457,228471.06
3458,273418.09
3459,83626.94
3460,223933.45
3461,67916.41
3462,145071.92
3463,245370.63
3464,123454.22
3465,191398.0
3466,187421.74
3467,84708.1
3468,116632.34
3469,61913.95
3470,199856.74
3471,46032.17
3472,201547.74
3473,159176.27
3474,261984.63
3475,101029.25
3476,273005.88
3477,120847.38
3478,143815.22
3480,108280.86
3481,174553.1
3482,129795.25
3484,237937.63
3485,245811.74
3486,63522.56
3487,250196.94
3488,196305.29
3489,146000.96
3490,123638.3
3492,261393.58
3494,205890.9
3495,46680.88
3496,213980.29
3497,109490.36
3498,153379.9
3499,167223.78
3501,174904.61
3502,81937.83
3503,81343.07
3505,108008.93
3506,221188.8
3507,83308.74
3508,45438.67
3509,193713.81
3511,123469.85
3512,285162.5
3513,48970.66
3514,69661.64
3515,233859.93
3516,142112.41
3517,184636.05
3519,186578.54
3520,169339.91
3521,265697.47
3523,217735.34
3524,52601.0
3525,112331.02
3526,98663.71
3527,107147.87
3528,286384.03
3529,84808.42
3531,208865.07
3532,59371.44
3533,210386.39
3534,275094.77
3535,202708.92
3536,280230.13
3537,80149.63
3539,143353.68
3541,182075.75
3543,40747.73
3545,43882.76
3546,245961.64
3547,240109.95
3548,277112.31
3549,152376.97
3550,271248.99
3551,127619.94
3552,211251.13
3554,107960.78
3555,192056.2
3556,138852.05
3557,142687.62
3558,113287.91
3559,59102.31
3560,108923.96
3561,283552.62
3563,75095.72
3564,112850.81
3565,91236.22
3566,117427.65
3567,244151.43
3568,260968.16
3569,91932.6
3570,149992.58
3571,199690.03
3572,130913.55
3573,228198.54
3574,192790.7
3576,136366.61
3577,206386.03
3578,282301.9
3579,258378.54
3580,178052.6
3582,87740.62
3583,120895.91
3585,138397.83
3586,116393.0
3587,265680.41
3588,107072.22
3589,266338.78
3590,222598.25
3591,193791.58
3592,141207.73
3593,77861.97
3594,187488.5
3595,109780.28
3597,278676.73
3598,64101.78
3599,168930.74
3600,41876.49
3601,156217.14
3602,41774.35
3603,216355.92
3605,40707.22
3606,256055.14
3607,54746.92
3608,184667.94
3609,47851.91
3610,91145.57
3611,269346.74
3613,224683.46
3614,113536.0
3615,209884.22
3616,69117.34
3617,147732.13
3618,178294.58
3619,162556.84
3620,54940.03
3621,73532.82
3622,271016.84
3623,187278.32
3624,156012.08
3625,57916.48
3626,174475.39
3627,268781.35
3628,130120.6
3629,120949.74
3630,178376.58
3631,157323.94
3632,119268.34
3633,103918.18
3634,200382.35
3636,181441.81
3637,128823.76
3638,49010.78
3641,144218.51
3642,122817.65
3643,89541.39
3644,271387.41
3646,165763.0
3647,93470.62
3649,232564.21
3651,220639.37
3652,93188.24
3653,76565.45
3654,157485.26
3656,214933.42
3657,159634.69
3658,231226.19
3659,219217.68
3660,71934.0
3661,165139.05
3663,136043.51
3664,50886.09
3665,192187.76
3666,252387.68
3667,54096.1
3668,67878.13
3669,66563.24
3671,127445.95
3672,176289.27
3673,108133.76
3674,83497.15
3676,278897.55
3677,98718.41
3678,130714.35
3679,145553.35
3680,247203.22
3681,170597.43
3682,252815.06
3683,55470.2
3684,201131.82
3685,153699.19
3687,237631.5
3688,149855.06
3690,176850.28
3691,111005.92
3692,178983.63
3693,132542.94
3694,148606.08
3695,183217.05
3696,257839.28
3697,100776.89
3698,265227.59
3699,174436.82
3700,205731.6
3701,278530.58
3702,260296.17
3703,217295.94
3704,266660.31
3705,122097.74
3707,183480.25
3708,67168.84
3709,154655.06
3711,101215.9
3712,223322.57
3713,261464.24
3714,280420.03
3716,192787.62
3717,277334.33
3718,53860.47
3719,55770.23
3720,151397.44
3722,65037.07
3723,224484.0
3724,175065.16
3725,158014.17
3728,95642.87
3729,168988.16
3730,263147.47
3731,155687.73
3732,133018.04
3733,199407.97
3734,279210.46
3735,249340.38
3736,48543.29
3737,178949.13
3738,167876.43
3739,251933.34
3740,136315.53
3741,175506.19
3743,48349.07
3744,41817.71
3745,194152.63
3747,280321.44
3749,52518.78
3750,81283.78
3752,249742.13
3753,191542.74
3754,147278.22
3755,207340.34
3756,208980.19
3757,44931.63
3758,103964.52
3759,268999.43
3760,226516.61
3761,267386.96
3762,95286.89
3764,97863.47
3766,276794.61
3767,143889.68
3768,277283.54
3769,145113.79
3770,186313.82
3771,135884.44
3773,256668.74
3774,185559.19
3776,211213.41
3777,264913.17
3778,228598.79
3779,226756.8
3780,158941.64
3781,138700.46
3782,149393.38
3783,109174.36
3785,255804.01
3786,174962.04
3788,271680.62
3789,174179.47
3790,94058.08
3791,163938.8
3792,90266.03
3793,248696.56
3794,204896.89
3795,190019.92
3797,206164.34
3798,256386.38
3799,165163.63
3801,232926.27
3802,148793.66
3803,285735.68
3804,67387.71
3805,222162.3
3806,76989.16
3807,131695.03
3808,85412.55
3809,124952.57
3810,270799.11
3811,45760.18
3812,124519.73
3813,101663.65
3814,202071.07
3817,89719.31
3820,44290.96
3822,185239.19
3823,233781.48
3824,79219.33
3825,216280.12
3826,273800.21
3827,245803.95
3828,145020.04
3829,104865.65
3830,92473.41
3831,247436.07
3832,207754.01
3833,222599.23
3834,212427.31
3835,218710.14
3836,194302.21
3837,228615.89
3838,270021.01
3839,100377.37
3840,174855.99
3841,199561.6
3842,92839.55
3843,134066.46
3844,68783.23
3846,64012.82
3847,211425.13
3848,116115.41
3849,202761.76
3851,104781.19
3852,60451.47
3853,114965.62
3854,95748.33
3855,143322.69
3856,50381.53
3857,256017.81
3858,53784.77
3860,82141.77
3861,92637.65
3862,133553.6
3863,214670.61
3864,191610.85
3865,127289.12
3866,84093.82
3867,115896.39
3868,70099.6
3869,210733.41
3871,46291.07
3872,120915.75
3874,195125.77
3876,101703.79
3877,181912.9
3878,155909.78
3880,190800.35
3881,106170.58
3882,282008.81
3883,53460.17
3884,70924.22
3885,173097.86
3886,65740.44
3887,160581.83
3888,130599.17
3889,68335.26
3890,206972.0
3891,160370.74
3892,187115.0
3893,107864.09
3895,269642.31
3896,122611.27
3897,65996.07
3899,126392.14
3901,122710.25
3902,219902.0
3903,153671.44
3904,264340.9
3905,202329.69
3906,74416.87
3907,40714.14
3908,146835.33
3909,93471.06
3910,193646.05
3911,212262.06
3912,208654.68
3913,213451.34
3915,40276.39
3917,92860.07
3918,145354.01
3919,214735.9
3921,240971.83
3922,77149.06
3923,73210.79
3924,209754.44
3925,217075.42
3926,144296.24
3927,205559.89
3928,54283.58
3929,161472.14
3930,190155.21
3931,240468.07
3932,83031.79
3934,170032.84
3935,242650.22
3936,74567.59
3937,52113.66
3938,279556.87
3939,223483.15
3940,136996.99
3941,256820.51
3944,97652.36
3945,256241.7
3946,251951.41
3947,219795.75
3948,252505.47
3949,63848.6
3950,228728.42
3951,119686.8
3952,274815.4
3953,123172.92
3954,284263.58
3955,71378.05
3956,106668.91
3957,124069.41
3958,73506.74
3959,193459.78
3960,55185.48
3961,182865.65
3962,52015.53
3963,165321.5
3965,170317.62
3966,213135.46
3967,276132.47
3968,208363.51
3969,159608.44
3970,251796.94
3971,202972.68
3974,250804.77
3975,166959.49
3976,107241.68
3977,105742.78
3978,201054.12
3980,166569.16
3981,149056.55
3982,182830.64
3984,262917.09
3986,65273.62
3987,139379.47
3989,234254.11
3990,197395.26
3991,280835.07
3992,286181.88
3993,245704.0
3994,194931.47
3996,273504.1
3997,109525.48
3999,207194.65
4000,229961.89
4002,222396.46
4003,141112.8
4004,87914.29
4005,269297.4
4006,95352.25
4007,82549.73
4008,257968.86
4009,186145.91
4010,129369.52
4011,192057.84
4013,225094.01
4016,165855.47
4017,105028.67
4018,266071.6
4019,55440.88
4023,138021.54
4024,84343.96
4025,265545.92
4026,138365.1
4028,216211.96
4029,48478.51
4030,254808.27
4031,285571.49
4032,47695.25
4033,106452.61
4034,173164.24
4036,114766.43
4037,199366.0
4039,257075.65
4041,152800.71
4042,40949.78
4043,165121.43
4044,227583.86
4045,286108.94
4047,168391.72
4048,57609.96
4049,176999.03
4050,80452.19
4051,194774.28
4052,144419.21
4053,248388.64
4054,125075.78
4056,118098.45
4057,255040.89
4058,228396.52
4059,164207.53
4060,213963.71
4061,216294.79
4062,181562.45
4063,80267.81
4064,97009.57
4065,50863.85
4067,281677.49
4068,152175.99
4069,270525.27
4070,175991.04
4071,277599.55
4072,170789.26
4073,213787.81
4074,190399.56
4075,180130.01
4076,201900.61
4077,189392.3
4078,180434.25
4079,194426.62
4080,92571.41
4082,159634.3
4083,161622.19
4084,103943.54
4085,137739.95
4086,194926.38
4087,121072.45
4088,113013.98
4089,233715.21
4090,232623.76
4091,220779.8
4092,90748.17
4093,175995.93
4094,276704.96
4095,129967.9
4096,63550.31
4097,169379.73
4098,116909.68
4100,221168.13
4101,144546.23
4102,234577.75
4103,228795.51
4104,245234.13
4105,170313.09
4106,242348.0
4107,259793.82
4108,247303.71
4109,152645.93
4110,69027.59
4111,48686.83
4113,245345.56
4114,58514.08
4115,137637.61
4116,214000.37
4117,166545.24
4118,247521.09
4119,87006.32
4120,270617.15
4121,192102.63
4122,85453.34
4123,201020.0
4124,209484.7
4125,111035.11
4126,170077.92
4127,94074.28
4129,90140.06
4130,54813.2
4131,210824.55
4132,109352.69
4134,281941.84
4136,276087.25
4137,159098.74
4138,50887.53
4140,251571.4
4142,219616.71
4143,79524.87
4144,217485.83
4145,53986.61
4146,252203.63
4147,180821.73
4148,45422.65
4149,140255.55
4150,157335.06
4151,109447.19
4152,64674.61
4153,197695.06
4154,219993.03
4155,136760.59
4156,207605.27
4158,180150.8
4159,170504.6
4160,47451.35
4161,73971.49
4162,280050.1
4163,128833.87
4165,105328.94
4166,221488.85
4167,132719.96
4168,220573.8
4170,182223.79
4171,243787.73
4172,212152.17
4173,203330.7
4174,74352.02
4175,162836.18
4176,138240.58
4177,73772.69
4180,195416.84
4181,171167.18
4182,239762.07
4183,75582.63
4184,226248.26
4185,52061.34
4187,201286.04
4189,56359.93
4190,94676.31
4191,102527.26
4193,76250.4
4194,149451.42
4195,176353.46
4196,230267.45
4197,74901.31
4198,55901.49
4199,264609.5
4200,161773.0
4201,178502.52
4202,89333.54
4203,140301.88
4204,51049.8
4205,40377.1
4206,197240.2
4210,200308.02
4211,184500.02
4212,70689.54
4213,111085.25
4214,147785.56
4215,242986.52
4216,241326.42
4217,103409.0
4218,72972.32
4219,73301.19
4220,101097.83
4221,177181.4
4222,267397.22
4223,223962.25
4224,77279.09
4226,65817.98
4227,163189.36
4229,254609.48
4230,197603.47
4231,254764.23
4232,265380.99
4233,281168.67
4235,209025.79
4236,278724.46
4237,191956.01
4238,273435.36
4239,57609.84
4240,208411.57
4241,253566.73
4244,176331.29
4245,164012.74
4246,181314.76
4247,98428.38
4248,163885.84
4249,47285.81
4250,179950.24
4251,214413.19
4252,143742.53
4253,280941.77
4254,126180.85
4255,239718.38
4257,250153.91
4258,64647.32
4259,255866.07
4260,102315.8
4261,186010.77
4262,187852.3
4263,123320.62
4264,227083.18
4265,220825.53
4266,262786.45
4268,52833.79
4269,44912.2
4270,210850.4
4272,155118.56
4273,77092.68
4274,248788.46
4275,211249.13
4276,265299.22
4277,59027.53
4278,162584.28
4280,239505.56
4282,59480.12
4283,168218.25
4284,154718.1
4285,163990.9
4286,266844.2
4287,76958.57
4289,85209.9
4290,158622.11
4291,282975.95
4292,49447.09
4293,123566.94
4294,93765.69
4296,150623.04
4298,147781.0
4299,170382.86
4300,274011.11
4301,157244.99
4302,58451.33
4303,255817.1
4304,147308.45
4305,149461.48
4306,66134.2
4307,256930.39
4308,125717.86
4309,75750.0
4310,81403.54
4311,130379.19
4312,211733.91
4313,174834.69
4314,209533.24
4315,92343.78
4316,166554.21
4318,256699.64
4319,205873.0
4320,240935.96
4321,250689.03
4322,90883.57
4323,258149.29
4324,198101.42
4325,94238.63
4326,121267.85
4327,270461.34
4328,123357.33
4329,246908.81
4330,103604.66
4331,101195.41
4332,70915.34
4333,234413.8
4334,102208.57
4335,65813.22
4336,148537.66
4337,214365.64
4338,62943.95
4339,220212.16
4340,212520.97
4341,115279.12
4342,275182.38
4343,109226.8
4344,276234.79
4345,136336.47
4347,234550.39
4348,268784.78
4350,222162.07
4351,207130.65
4352,67790.08
4353,97672.21
4354,119768.71
4356,41944.96
4357,279777.51
4358,196659.07
4360,256648.69
4362,147494.93
4363,278102.75
4364,84483.3
4365,256615.33
4366,225753.62
4367,49699.36
4370,72426.22
4371,116193.06
4372,62678.54
4374,192013.33
4375,145287.68
4376,93935.13
4377,258010.46
4378,166675.9
4380,189840.32
4381,163845.21
4382,240223.98
4383,246901.61
4384,285627.28
4385,192806.71
4386,88219.19
4387,255416.16
4388,167666.71
4389,59804.57
4390,234203.4
4391,50915.16
4392,155845.58
4393,238010.47
4394,60539.06
4395,60853.81
4396,223396.38
4397,220537.78
4398,60034.69
4399,54402.63
4400,224473.84
4401,187404.05
4402,240959.7
4403,124621.05
4404,69654.99
4405,132802.53
4406,222099.55
4407,186840.9
4408,206198.62
4409,135758.88
4410,251334.43
4411,138857.46
4412,153006.8
4413,221120.66
4414,179081.33
4415,161420.47
4417,251090.22
4418,125359.57
4419,140699.11
4420,74146.64
4421,125719.19
4422,185372.93
4423,65675.77
4424,233829.17
4425,216828.27
4426,168900.83
4427,216830.25
4429,80847.83
4430,183842.12
4432,230180.69
4433,72932.6
4435,55083.74
4436,56675.75
4437,286147.64
4438,56637.61
4439,68550.85
4440,189600.77
4441,108879.46
4442,211946.62
4443,258921.64
4444,166939.67
4445,197918.21
4446,57912.15
4447,211751.3
4448,69874.31
4449,275786.64
4450,187818.61
4451,189991.62
4452,200832.38
4453,43268.55
4454,208788.39
4455,185247.45
4456,197499.33
4457,158320.95
4459,200546.19
4460,225141.31
4461,193341.62
4462,98633.65
4463,84585.78
4464,203845.4
4465,249925.35
4466,185213.38
4469,234354.61
4470,140264.63
4471,249094.03
4472,40093.0
4473,167526.19
4474,151829.78
4475,155836.14
4476,239540.27
4477,163408.65
4478,186839.76
4479,98455.15
4481,87957.33
4482,258772.72
4484,186850.74
4485,238665.64
4486,260817.77
4487,100886.25
4488,173813.9
4489,125810.07
4490,104614.04
4491,138151.3
4492,244200.22
4493,104686.69
4495,246730.58
4496,206720.26
4497,103694.35
4498,203558.13
4499,44791.01
4500,241801.88
4501,145503.82
4502,260734.12
4503,80814.53
4504,267524.1
4505,137948.08
4506,120154.26
4507,121294.24
4508,165484.69
4511,253647.58
4512,219209.8
4514,122828.43
4515,226563.05
4516,145479.91
4517,207718.76
4519,202652.84
4521,249871.67
4522,163141.3
4523,136886.15
4524,143294.89
4525,94763.62
4526,134120.45
4527,153418.01
4528,178974.76
4529,106542.13
4530,129617.51
4531,122476.03
4532,201668.79
4533,125280.98
4534,206099.59
4535,154004.57
4536,122175.84
4538,105416.59
4539,193693.22
4540,247563.82
4541,100666.86
4542,233222.92
4543,65680.9
4544,269725.74
4545,95893.08
4546,147869.62
4547,136189.44
4548,242944.86
4549,187043.97
4550,167335.54
4551,141170.58
4552,138374.93
4553,64280.7
4554,49423.12
4556,281680.29
4558,90319.78
4559,101489.76
4560,146594.64
4561,225589.08
4562,186529.35
4563,183205.3
4564,204041.63
4565,207395.04
4567,91394.39
4568,135174.49
4569,268703.62
4570,243618.81
4571,266417.52
4572,265532.72
4573,85679.58
4574,74127.5
4575,214072.68
4577,125903.4
4579,211838.55
4580,64617.01
4581,216964.0
4583,177712.22
4584,115830.38
4585,89020.39
4587,187522.37
4588,124331.07
4589,276505.18
4590,211590.4
4591,116486.57
4593,277997.76
4594,243033.63
4595,154822.84
4596,64412.78
4597,130019.04
4598,247855.37
4599,58222.46
4600,192843.59
4601,251684.33
4602,245589.97
4603,135308.72
4604,123573.17
4605,159183.29
4606,270003.02
4608,194980.45
4609,48197.53
4610,99751.82
4612,66177.92
4613,237911.54
4614,199774.53
4615,96869.0
4616,181412.56
4617,50824.51
4618,273400.0
4619,161237.0
4620,222986.23
4621,204372.65
4622,151344.19
4623,281211.21
4624,250669.08
4625,45468.29
4627,181295.9
4628,191844.53
4629,276636.65
4630,90963.22
4631,191208.94
4636,186365.46
4637,77807.3
4638,225715.12
4639,61221.05
4640,203635.14
4642,237541.13
4643,197411.9
4644,215195.83
4645,79301.57
4646,235765.45
4647,132147.57
4648,253277.83
4649,200173.74
4650,142844.05
4651,219973.78
4653,169328.03
4655,139064.66
4656,65648.43
4658,47737.28
4659,70758.72
4661,165299.13
4662,161164.14
4663,86853.54
4664,105167.08
4665,238059.5
4666,164827.57
4667,206057.37
4669,83693.42
4670,54698.75
4671,135459.07
4672,180081.51
4674,45387.06
4676,43244.37
4677,150189.64
4678,212852.95
4679,195865.88
4680,202367.44
4681,242051.02
4682,98404.47
4683,55888.32
4686,76383.0
4687,205919.39
4688,86764.15
4690,77676.59
4691,125442.07
4692,284838.63
4693,247401.46
4695,170274.59
4696,209124.0
4697,266548.88
4698,269604.9
4699,164757.49
4700,210500.86
4703,92648.11
4704,104639.8
4705,269504.53
4707,177510.63
4708,42151.14
4709,235703.33
4710,143515.47
4711,180831.1
4712,228226.45
4713,268965.5
4714,265083.0
4716,267712.23
4717,66152.65
4719,102898.31
4722,204059.96
4723,239602.24
4724,222431.22
4726,278232.43
4728,157819.05
4729,42644.7
4730,126838.36
4731,145146.59
4733,170253.59
4734,150200.91
4735,214510.02
4736,263407.66
4737,68817.15
4738,281328.19
4739,130727.91
4741,223312.67
4742,87941.05
4743,55806.64
4744,44559.2
4745,167497.42
4746,167449.07
4748,122048.92
4749,46442.65
4750,103003.08
4751,133444.83
4752,58670.62
4753,50577.5
4754,44156.56
4755,260042.49
4756,185938.6
4758,121061.45
4759,40846.79
4760,156344.82
4761,87840.94
4762,133615.25
4763,116999.55
4764,132915.9
4766,177862.14
4767,241065.94
4769,252523.98
4770,79047.27
4771,202379.97
4772,52329.76
4773,147499.06
4774,182357.73
4775,144495.24
4776,95219.73
4777,209691.44
4779,239356.24
4780,246513.96
4781,238062.51
4782,212147.4
4784,147357.1
4785,261585.39
4786,62956.21
4788,133114.79
4789,163337.6
4790,74089.46
4792,102384.97
4794,273202.69
4795,208486.37
4798,128177.34
4799,246707.93
4801,181070.1
4802,149273.02
4804,224280.63
4805,165283.19
4806,41276.7
4808,173731.67
4809,168856.32
4810,149370.13
4811,182115.2
4812,214139.91
4813,206436.0
4815,199331.05
4818,154402.2
4819,266045.58
4820,171773.63
4822,185937.86
4823,43291.09
4824,163426.27
4825,192914.58
4826,238901.7
4827,105648.67
4828,169581.64
4830,100751.27
4831,206698.18
4832,117283.88
4833,52106.52
4835,73763.54
4837,193142.48
4839,241769.66
4841,205348.03
4843,241155.11
4844,150169.07
4845,198062.92
4846,214743.94
4847,276020.89
4849,141327.8
4851,134252.0
4852,209760.77
4854,281880.82
4855,161143.25
4856,83805.6
4857,262484.66
4858,99883.05
4859,197462.67
4860,172751.28
4862,87931.98
4863,185197.36
4865,259160.71
4866,262766.0
4867,104416.71
4868,141052.48
4870,166506.31
4871,140945.69
4872,97623.13
4873,80889.75
4874,275471.89
4875,201672.0
4876,264088.37
4878,168235.0
4879,67486.88
4880,132250.23
4881,165069.5
4882,229732.32
4883,131524.09
4884,191156.68
4886,274147.13
4887,219306.43
4888,254308.27
4889,86852.07
4890,224123.11
4891,169364.98
4892,210909.04
4893,241136.97
4894,111534.4
4895,52960.52
4897,183073.73
4898,132179.9
4899,225219.1
4900,244544.8
4901,193081.69
4902,65353.27
4903,178563.28
4904,107766.71
4905,176215.52
4908,285772.83
4909,252566.03
4910,216259.13
4911,70094.17
4912,119188.6
4913,180645.76
4914,221027.62
4915,111196.77
4917,133845.68
4918,224102.27
4920,259528.76
4921,57580.89
4922,139233.59
4923,69669.52
4924,259092.5
4926,187286.83
4927,281941.21
4928,134326.79
4929,76839.65
4931,118394.43
4932,102746.78
4933,164169.0
4934,120101.43
4935,134018.62
4938,175096.06
4939,270691.57
4940,89226.6
4941,237427.2
4942,83101.51
4943,94279.39
4944,62841.09
4945,119441.94
4946,75831.6
4947,115659.56
4948,197991.65
4949,236414.02
4950,248358.75
4951,135875.45
4952,174440.64
4953,275012.6
4954,123797.67
4956,195791.1
4957,159565.0
4958,113606.7
4959,214321.9
4960,119584.32
4961,148761.16
4962,188752.0
4963,223929.35
4964,208243.01
4965,136479.46
4966,139384.4
4968,256510.48
4969,249074.27
4970,178148.12
4971,146228.99
4972,217884.41
4973,200366.78
4974,130059.43
4975,233225.18
4976,121496.69
4977,146018.14
4978,69078.3
4979,277748.97
4980,110990.09
4981,55371.91
4985,213437.73
4986,209874.24
4987,219380.73
4988,235765.35
4990,243701.78
4991,133498.3
4992,139545.57
4993,128540.3
4994,174249.16
4995,59331.14
4996,97843.86
4997,108955.05
4998,109096.71
4999,247882.0
5000,92061.3
2001,140639.36
2002,172843.61
2003,204620.66
2004,260474.12
2005,286038.78
2006,241518.24
2007,192756.38
2008,188511.28
2009,238068.56
2010,132718.26
2011,236386.69
2012,280252.36
2013,200218.34
2014,102832.54
2015,168201.04
2016,161220.37
2017,144551.41
2018,285872.87
2021,154023.3
2022,145509.34
2023,192723.43
2026,69388.75
2027,226788.25
2029,95522.88
2030,167682.84
2032,245572.41
2033,64311.11
2034,271690.8
2036,252476.42
2037,47326.14
2038,57220.55
2039,250118.59
2041,135825.27
2043,242916.36
2045,114759.77
2046,170596.79
2047,178010.01
2049,129186.15
2050,165945.4
2053,230039.26
2054,223567.43
2055,263457.42
2056,194896.66
2057,178473.04
2058,135570.75
2059,147519.69
2060,45372.51
2061,143231.21
2062,266547.15
2063,110594.3
2064,196329.18
2065,149157.14
2066,215545.14
2067,75347.18
2068,115579.36
2069,127045.66
2070,208213.96
2071,88961.11
2072,209207.14
2073,173372.32
2075,167279.0
2076,188732.88
2077,252394.72
2078,276446.24
2079,120293.75
2080,198959.68
2081,224163.74
2082,87727.95
2083,284559.55
2085,148952.4
2086,132544.98
2087,42697.58
2088,48715.81
2089,64067.0
2090,139025.58
2092,68010.82
2093,57640.41
2094,201297.71
2095,283649.67
2096,67656.08
2097,76354.79
2098,237205.58
2099,286113.38
2100,256786.42
2101,73723.8
2103,140911.2
2104,154472.81
2105,51928.07
2106,175907.62
2107,69782.36
2108,157762.53
2109,257940.17
2111,67625.15
2112,144221.23
2113,114676.46
2115,275830.41
2116,154640.22
2117,79157.18
2119,65138.15
2120,50406.05
2121,71140.46
2122,169252.27
2123,61262.45
2124,107699.7
2125,81285.07
2126,273960.79
2127,240268.2
2129,158311.35
2130,205950.82
2131,54486.97
2132,41956.4
2133,101871.53
2134,159276.6
2135,62576.42
2136,199255.25
2137,264844.43
2140,226449.86
2141,55185.7
2142,276512.12
2143,199357.55
2144,88724.94
2145,133661.49
2146,128528.3
2147,197543.9
2148,145002.02
2149,201406.42
2150,271041.6
2151,269070.52
2152,209786.34
2153,80250.08
2154,98796.6
2156,158396.75
2158,138878.44
2159,217993.12
2161,63376.35
2162,179722.14
2163,204157.29
2164,148728.53
2165,169658.93
2166,141169.54
2167,178997.0
2168,141987.32
2169,112297.47
2170,158660.88
2171,154893.37
2172,58403.21
2173,166941.69
2175,70592.13
2176,257576.65
2177,187689.38
2178,133419.36
2179,113851.4
2180,169598.87
2181,174666.92
2182,95772.5
2184,283539.78
2185,84275.61
2186,182376.29
2187,125321.29
2189,56084.78
2190,47349.98
2191,143385.04
2192,40973.77
2193,240545.5
2194,74192.78
2195,108242.9
2196,236479.27
2197,52027.42
2198,166230.11
2199,160564.41
2200,194410.13
2201,178041.43
2202,232200.73
2203,269631.42
2204,92317.57
2206,169562.93
2207,168089.37
2208,255026.66
2209,195673.07
2210,153279.18
2212,112499.35
2213,251008.63
2214,163993.47
2215,172528.0
2217,252544.75
2218,104873.95
2219,176461.51
2220,122363.53
2221,78302.73
2222,236469.79
2223,43720.45
2224,113846.18
2225,209366.76
2226,188192.42
2227,159190.42
2228,187786.9
2229,50808.84
2230,50105.82
2231,226272.85
2232,153290.85
2233,227601.11
2234,283813.79
2236,122175.65
2237,257870.88
2238,164239.55
2239,109077.86
2240,112413.35
2241,140910.65
2242,213499.7
2243,92097.71
2244,171218.47
2245,48769.22
2246,169637.33
2247,187826.4
2248,92248.51
2250,146762.75
2251,100601.38
2252,66525.92
2253,103355.82
2254,79032.8
2255,78000.51
2258,115850.8
2259,155441.73
2260,81802.24
2261,219110.13
2262,258360.92
2263,179428.88
2264,93099.86
2265,231371.6
2266,184044.83
2267,269378.54
2269,259973.53
2270,155147.72
2271,255396.2
2272,183091.12
2275,77081.57
2276,184977.79
2277,155126.07
2278,195422.66
2279,175387.09
2280,213538.5
2281,168301.79
2282,122812.35
2283,211797.58
2284,174846.71
2285,148431.57
2286,88774.36
2287,205483.59
2288,61976.7
2289,176080.74
2290,88947.13
2291,41947.17
2293,109164.53
2294,82912.2
2295,232853.62
2296,126175.77
2297,202237.93
2298,234318.41
2299,252965.61
2300,154466.08
2302,207597.9
2304,187251.26
2306,82366.24
2307,169296.61
2308,42136.33
2309,40550.67
2310,247214.56
2311,221387.9
2312,271329.47
2313,141568.67
2314,173577.09
2315,110479.53
2316,152433.45
2317,87244.92
2318,141895.65
2321,174287.91
2322,242869.33
2323,161525.96
2324,180641.5
2325,195256.2
2327,119104.98
2328,161351.35
2329,64858.58
2330,64481.72
2331,96246.01
2332,163739.08
2334,117607.0
2335,172609.55
2337,143133.44
2339,93386.28
2340,206401.2
2341,130541.17
2342,259212.97
2344,231970.04
2345,122925.46
2346,235662.41
2347,75071.5
2348,113351.23
2349,190894.28
2350,45630.61
2351,81090.99
2352,277491.9
2353,184634.68
2354,105612.62
2355,230489.68
2356,258848.57
2357,71301.09
2358,234298.7
2359,124754.4
2360,77681.44
2361,193921.74
2362,210781.96
2363,180726.16
2364,286735.82
2366,201479.05
2367,259908.65
2369,180233.55
2370,78473.82
2371,101118.28
2372,167470.85
2373,244639.88
2374,171662.76
2377,148985.99
2378,280225.03
2379,65821.8
2381,241603.13
2382,186441.03
2383,122283.76
2384,119720.66
2385,105354.22
2386,280181.3
2387,187077.24
2388,205185.68
2389,48516.51
2390,252672.91
2391,156499.24
2392,85158.23
2393,177498.48
2394,235660.85
2395,157799.75
2396,240910.75
2397,170307.03
2398,150507.19
2400,94395.49
2401,132443.33
2402,153217.58
2406,282052.82
2407,98562.56
2408,227940.99
2409,57725.87
2411,126141.6
2412,256748.09
2413,263112.84
2414,71354.01
2415,179568.36
2416,144949.13
2417,262126.27
2418,173868.56
2419,50785.11
2420,105751.07
2421,133829.74
2422,216208.11
2423,165738.04
2424,256419.66
2425,72249.8
2426,68768.64
2427,48492.43
2428,239225.71
2429,233528.11
2430,284889.64
2431,78177.11
2432,259656.6
2433,138251.0
2434,63707.38
2436,254444.74
2438,87843.56
2440,212914.05
2441,135795.23
2442,108356.46
2444,271174.86
2445,132526.11
2446,115934.54
2447,133245.6
2448,190606.83
2449,261669.75
2450,123088.87
2451,106438.04
2452,222472.61
2453,270583.72
2455,88760.58
2456,117079.54
2457,97179.31
2458,121381.96
2459,115877.94
2460,88020.2
2461,178529.53
2462,172075.01
2464,225210.69
2465,120755.68
2466,147763.63
2467,221247.46
2468,182895.03
2469,98080.5
2470,129835.54
2472,152395.62
2473,269075.43
2474,214281.37
2475,207097.92
2476,58362.41
2477,272370.76
2478,225070.26
2479,110742.8
2480,79622.04
2481,179163.62
2482,236298.02
2483,189277.22
2484,61818.21
2485,152921.87
2486,170974.66
2487,160366.86
2489,138174.0
2491,187404.6
2492,258997.67
2493,105010.0
2494,109764.9
2495,190403.01
2496,205296.96
2497,214431.37
2498,206014.48
2499,231973.06
2502,126249.79
2504,90591.83
2508,201667.69
2509,131583.37
2510,191000.25
2511,224387.52
2512,74670.8
2514,122446.06
2515,157908.18
2516,122139.24
2517,66641.69
2518,213759.18
2519,85246.28
2520,108569.64
2522,212167.43
2523,275060.58
2524,101090.25
2526,62112.18
2527,126235.98
2528,41560.29
2529,280904.5
2530,259304.1
2532,269161.96
2534,280628.82
2535,200032.38
2536,202462.17
2537,272604.33
2538,93662.9
2539,256744.28
2540,244370.42
2542,258724.42
2543,186584.71
2544,168159.35
2545,203179.95
2546,174380.25
2547,62914.55
2549,211580.8
2550,82354.0
2551,75592.37
2552,245388.21
2553,191738.94
2554,88247.98
2555,233196.04
2556,127717.62
2557,89896.38
2558,275044.85
2561,236368.61
2562,271466.25
2563,141787.59
2564,173610.42
2565,230619.9
2566,217862.07
2567,245162.23
2568,205532.15
2569,54592.46
2570,136342.14
2571,277679.98
2572,258816.17
2573,70294.87
2574,69445.52
2575,253506.67
2576,261493.67
2577,146430.84
2578,51146.56
2579,58715.23
2580,197369.4
2581,80145.05
2582,194790.84
2583,189224.16
2584,48150.49
2585,278433.22
2586,270787.96
2588,238792.7
2589,200955.65
2590,68676.74
2591,158451.52
2592,102656.79
2593,50212.86
2594,163471.03
2596,98389.35
2597,226515.97
2598,245029.85
2599,44104.32
2602,154817.91
2604,86028.0
2605,279456.84
2606,142838.76
2608,49297.23
2609,212842.17
2610,135888.81
2611,217382.97
2612,246728.41
2613,187020.87
2614,248759.54
2615,47800.12
2616,158973.49
2617,213390.3
2618,200663.41
2619,205933.11
2620,211060.11
2621,100541.55
2623,217828.04
2624,147631.62
2625,69298.68
2627,138364.89
2628,196876.17
2629,144189.69
2631,167903.33
2632,40754.25
2633,125523.63
2634,65498.01
2636,221075.48
2637,126102.31
2638,97765.76
2639,210991.41
2640,278447.74
2641,136895.07
2642,279396.98
2644,149544.39
2645,51621.14
2648,210369.4
2649,63532.48
2650,228083.97
2651,128599.54
2652,154027.09
2653,138270.57
2654,277854.98
2655,136592.94
2656,104786.41
2658,134540.08
2659,259789.05
2660,206244.31
2661,270556.88
2662,260505.75
2663,191439.2
2664,213081.16
2665,268414.83
2666,69509.45
2667,217222.55
2668,109028.44
2669,222115.87
2670,153172.8
2671,284494.0
2672,140805.94
2673,156503.19
2674,112368.62
2675,114635.87
2676,64535.31
2677,135491.76
2679,66116.86
2680,78889.63
2681,121346.35
2682,54413.47
2683,227145.54
2684,241124.67
2685,74067.89
2686,153298.56
2687,103662.5
2688,74584.61
2689,76010.07
2690,76651.37
2691,134553.09
2692,274391.12
2693,133048.85
2695,256795.8
2696,46024.76
2698,172088.78
2699,190400.31
2700,49911.93
2701,67705.07
2702,240866.0
2703,86771.34
2704,119841.99
2706,91063.61
2707,229057.15
2708,188307.38
2709,181930.93
2711,211010.85
2713,258133.97
2714,177583.33
2715,141673.75
2716,108364.57
2717,248462.39
2718,240161.08
2719,112132.93
2720,78116.15
2722,231732.26
2726,138239.28
2727,85523.67
2728,60948.17
2729,50167.9
2730,194431.93
2732,173019.59
2733,133958.72
2734,272434.38
2735,162132.36
2736,115181.7
2737,217539.71
2738,90425.96
2739,128082.51
2740,66786.04
2741,277717.42
2742,232507.97
2743,268426.0
2744,94839.83
2745,279291.61
2746,186080.94
2747,48120.77
2748,76321.9
2750,270148.51
2751,221147.68
2752,232731.06
2753,268328.64
2755,172705.64
2756,198162.41
2757,259387.96
2758,126031.01
2759,136936.16
2761,175760.13
2762,141191.72
2763,258187.14
2764,255444.07
2765,99531.42
2766,120268.25
2767,159770.71
2770,240345.46
2771,44795.16
2772,285557.85
2773,208038.98
2774,194955.98
2775,97306.77
2776,252567.12
2777,222980.89
2778,280126.59
2779,259867.82
2780,216396.57
2781,41364.2
2783,140409.72
2784,89704.98
2785,122535.19
2786,129691.13
2787,151132.95
2788,68951.03
2791,45036.61
2792,99521.29
2793,59049.14
2794,267751.84
2795,144886.03
2796,102744.12
2797,132065.95
2798,203657.48
2799,103291.28
2800,204330.27
2801,106326.92
2802,223623.46
2804,106324.25
2805,242409.4
2806,252572.85
2807,263604.06
2808,219065.85
2809,166340.51
2811,208749.64
2812,248572.3
2813,238399.8
2815,233397.76
2816,142265.07
2817,192346.7
2819,257775.42
2820,71915.3
2821,65284.1
2822,55680.59
2823,215045.49
2824,122133.22
2825,172490.87
2826,259746.41
2827,174120.69
2828,277837.4
2829,118183.13
2830,65043.8
2831,119236.41
2832,163158.7
2833,113425.72
2834,214940.87
2836,241537.79
2837,152334.77
2838,158118.13
2840,147819.37
2841,159868.77
2843,206503.71
2845,176823.33
2846,175902.84
2848,206278.47
2850,181155.14
2851,283851.0
2852,283685.64
2853,277030.66
2854,279651.21
2855,99015.96
2856,227211.33
2857,60347.39
2860,180159.41
2861,216808.38
2862,87620.02
2863,151061.95
2865,237956.0
2866,248740.81
2867,62910.93
2868,125060.06
2869,189265.04
2870,137113.08
2871,132151.36
2872,50105.98
2873,46988.24
2874,262303.96
2875,235702.73
2876,45497.42
2877,191844.66
2879,91901.07
2880,159546.72
2881,72539.92
2882,252577.91
2883,60444.77
2884,47321.82
2885,254066.42
2886,117105.28
2888,230522.04
2889,223737.12
2890,154916.36
2891,80843.43
2892,172923.11
2893,89221.75
2894,44425.38
2895,205900.97
2896,202339.72
2897,171469.04
2898,230321.43
2899,44162.9
2902,54353.68
2904,132284.62
2905,75102.06
2906,281741.32
2907,252532.99
2909,148210.76
2910,93429.4
2911,81752.53
2912,51597.06
2913,106764.54
2914,257708.77
2915,58736.62
2916,77534.67
2917,125547.59
2918,195947.86
2919,186082.43
2920,165652.8
2921,191003.02
2922,271898.21
2923,110571.54
2924,196585.93
2925,44900.55
2926,58965.7
2927,168137.33
2930,156947.64
2931,254948.72
2932,59174.7
2933,142026.18
2934,97378.77
2935,119758.31
2936,41516.15
2937,195749.07
2938,62276.4
2939,266312.01
2940,114405.2
2941,151720.58
2942,70785.98
2943,246431.35
2944,49771.67
2946,65339.1
2947,163016.26
2948,167511.7
2949,249424.13
2950,190295.45
2951,235646.05
2952,98883.0
2953,182884.98
2956,177531.95
2957,98158.87
2959,211292.0
2960,185355.5
2962,113539.51
2963,170585.18
2964,126949.13
2965,192836.17
2966,129047.74
2970,203747.87
2971,228192.74
2972,243492.73
2973,278113.64
2974,238453.76
2975,285501.59
2976,119115.61
2978,144857.9
2979,266501.97
2980,225731.38
2981,187057.82
2982,254704.44
2983,91704.53
2984,249214.46
2985,224634.39
2986,277133.22
2987,155744.92
2989,233179.25
2990,159352.17
2991,221363.85
2992,252707.08
2993,260355.16
2994,55355.82
2995,266320.74
2996,139100.91
2997,232928.24
2998,194991.98
3000,158607.84
1001,140249.37
1003,236219.26
1005,50210.02
1006,82175.77
1007,129582.61
1008,90744.86
1009,60618.9
1010,137664.53
1011,117572.65
1012,238925.79
1014,166778.42
1015,138184.83
1016,98614.53
1017,218781.48
1018,117249.56
1019,174844.52
1020,155908.69
1021,211051.83
1022,282061.72
1023,122560.95
1024,130424.35
1025,280703.91
1026,113688.11
1027,167131.57
1028,119515.12
1029,107779.93
1030,53906.4
1031,170326.91
1032,169520.45
1033,199535.76
1034,104683.19
1035,205730.41
1036,95407.16
1037,247716.37
1038,272563.67
1039,91174.63
1040,189240.59
1041,80644.64
1043,286388.01
1045,150142.49
1046,240265.01
1048,132064.01
1050,181424.2
1051,176561.19
1052,185775.61
1053,105346.38
1054,146625.62
1055,128631.29
1056,239571.27
1057,252007.47
1058,98463.77
1059,90950.39
1061,70656.63
1062,89186.0
1063,263720.16
1064,191750.33
1065,86339.04
1066,77739.6
1067,228301.51
1068,42221.96
1069,78486.77
1070,125060.01
1071,89436.49
1072,203473.36
1073,252402.64
1074,121285.58
1075,248583.77
1076,79245.45
1077,98288.74
1078,81965.94
1079,49661.99
1081,141645.22
1082,285617.13
1083,267617.18
1085,82621.71
1086,77260.7
1088,124825.77
1089,280714.33
1091,76449.81
1092,249411.22
1094,215279.38
1095,243603.67
1098,167340.53
1099,238304.33
1100,163106.38
1101,265827.87
1102,204147.38
1104,124569.44
1106,42700.2
1107,278025.93
1108,74834.15
1109,63814.53
1110,243844.4
1111,189038.65
1112,275021.94
1113,161560.57
1114,146146.69
1115,92708.98
1116,200668.72
1117,231810.1
1118,108318.24
1119,82357.63
1120,228870.27
1121,69545.86
1122,200892.56
1123,197550.26
1124,60543.21
1126,100709.48
1127,156757.41
1129,149572.54
1130,225470.18
1131,40544.17
1132,273520.05
1133,70755.37
1134,174429.01
1135,113391.32
1136,182150.77
1138,70686.49
1139,58223.24
1141,247486.61
1142,179275.57
1144,118374.46
1145,184981.93
1146,201589.0
1147,216082.74
1149,257954.48
1150,143437.26
1152,249390.84
1153,173515.86
1154,275604.32
1155,222962.1
1156,59248.02
1157,181736.75
1158,130473.21
1159,129296.64
1160,77749.59
1161,64638.14
1162,121753.42
1163,188482.04
1164,50582.64
1166,226289.61
1167,284773.61
1168,111482.35
1169,273684.52
1170,54699.9
1171,70329.89
1172,91511.93
1173,126189.63
1174,165382.0
1175,93166.24
1176,257588.59
1177,167712.84
1179,71307.85
1180,56016.56
1181,206952.7
1182,188345.26
1183,176542.79
1184,208878.85
1185,277603.75
1186,225751.0
1189,198991.31
1190,188089.79
1191,208275.64
1192,274892.0
1193,279114.69
1194,160348.83
1195,242654.66
1196,183320.76
1198,202543.44
1199,115317.94
1200,215237.82
1202,273967.78
1203,124989.45
1204,241276.53
1205,241365.1
1206,102178.35
1207,101317.27
1208,79808.97
1209,243205.47
1210,191677.63
1211,107657.52
1212,176682.76
1213,80916.71
1214,127862.72
1215,81751.93
1217,63244.59
1218,257041.54
1219,152364.71
1220,186565.39
1221,154417.57
1222,173916.24
1223,254628.85
1225,243622.63
1226,130217.71
1227,186501.19
1228,144439.0
1229,52962.49
1230,42985.78
1231,58562.26
1232,58832.39
1233,95965.19
1234,240684.01
1235,266266.39
1236,135956.76
1237,71635.33
1238,259774.68
1239,112092.79
1240,85401.05
1242,146038.04
1243,232885.77
1244,113279.7
1245,56543.83
1246,275300.87
1247,233734.81
1248,224385.14
1249,206426.38
1250,121560.88
1251,222346.69
1252,277326.12
1253,285777.57
1254,205493.99
1255,97783.72
1256,281268.8
1257,155479.47
1258,258680.6
1259,281443.65
1261,222063.67
1262,225870.8
1263,257513.76
1264,40883.12
1265,93232.47
1266,151603.82
1267,96803.6
1268,199990.0
1270,83587.35
1272,244046.35
1273,162504.86
1274,261870.89
1275,173933.07
1276,247832.84
1278,196359.92
1279,256510.31
1280,72930.17
1281,58437.93
1285,57916.58
1286,102603.74
1287,262746.89
1288,175849.75
1289,74392.3
1290,252181.76
1291,237997.33
1292,201171.18
1294,124747.07
1295,52435.17
1296,248322.12
1297,136023.72
1298,254369.91
1300,258712.62
1301,123770.16
1302,181933.69
1305,140393.6
1306,133519.55
1308,165502.62
1309,66606.8
1310,157000.52
1311,272750.86
1312,123191.82
1313,164069.36
1314,214640.8
1316,49368.13
1317,181449.64
1318,205694.5
1320,44905.16
1321,106582.46
1322,184917.91
1323,199328.35
1324,121700.44
1325,102809.97
1326,227120.26
1327,157292.61
1328,106277.93
1329,112279.71
1330,276391.58
1331,102673.05
1332,73323.1
1333,62695.98
1334,56707.76
1335,94127.29
1336,65516.97
1337,116648.04
1338,283427.41
1339,85802.06
1340,231599.84
1341,274013.27
1342,62833.36
1343,206443.65
1344,104425.78
1345,263564.04
1346,221644.31
1347,161539.47
1348,278561.32
1350,76094.37
1351,160901.76
1352,106119.7
1353,203182.5
1354,99775.56
1355,187195.68
1356,104333.71
1357,177910.97
1358,54818.86
1359,199091.31
1360,84246.78
1361,285109.66
1362,171815.9
1363,104813.7
1364,199325.87
1365,180913.71
1366,161401.56
1368,82134.14
1369,122355.0
1370,80176.33
1371,224209.31
1372,213846.52
1373,74334.69
1374,271225.05
1375,53535.09
1376,281170.62
1377,157142.09
1379,283600.75
1380,234344.32
1381,79988.62
1382,144579.13
1383,88050.83
1384,72897.66
1386,262055.41
1387,223250.39
1388,120073.86
1390,168120.17
1391,173807.29
1392,87786.9
1393,85816.34
1395,272271.44
1396,264076.12
1397,128893.95
1398,210234.46
1399,132753.91
1400,114652.62
1401,168114.65
1402,206257.75
1403,217443.39
1404,248699.78
1405,224155.44
1406,47772.46
1407,222164.85
1408,189186.76
1410,49276.0
1411,68835.37
1412,149103.0
1413,214323.44
1414,285416.84
1415,66783.3
1416,260325.23
1417,46082.63
1418,242264.02
1419,263463.01
1420,186763.91
1421,215485.48
1422,280951.96
1423,182380.42
1424,280387.11
1425,153405.43
1426,47721.34
1427,114117.4
1428,85367.99
1430,200606.0
1431,215042.15
1432,135712.59
1433,53383.68
1434,284503.89
1435,176095.63
1436,204426.77
1437,136236.93
1438,70026.48
1439,144404.2
1440,96887.63
1441,142428.18
1442,252169.32
1443,252652.85
1444,265854.62
1445,207940.34
1446,75277.86
1447,46137.98
1448,52382.84
1449,200424.11
1450,192818.85
1451,256595.59
1452,108589.4
1453,67780.28
1454,101713.46
1455,272369.82
1456,279392.42
1457,252588.0
1458,236557.48
1459,199315.12
1460,140873.9
1461,69228.29
1462,234598.56
1463,276094.0
1465,135356.76
1466,129021.83
1468,40049.13
1470,173758.32
1471,78539.07
1472,220244.65
1473,218823.4
1474,251148.49
1475,152965.9
1478,189814.0
1480,195446.16
1482,269183.52
1483,276023.17
1484,112901.28
1485,192769.41
1486,164757.13
1487,190325.65
1488,225258.27
1489,224403.86
1490,87561.7
1491,62413.59
1492,185141.71
1493,204361.32
1494,167462.13
1495,194636.12
1496,261771.45
1497,247874.35
1498,263611.25
1499,179597.08
1501,65617.69
1502,142742.68
1503,205711.94
1504,112899.31
1505,284997.52
1506,281511.47
1508,56858.85
1509,277505.65
1510,198462.06
1511,252042.53
1512,242879.71
1513,167136.32
1515,239594.04
1516,74171.72
1517,229539.84
1518,203794.38
1520,69166.56
1521,81222.47
1522,165245.88
1523,222750.82
1524,272879.76
1526,247216.8
1527,42193.06
1528,164669.07
1529,223742.96
1530,181705.28
1532,132318.65
1533,146649.24
1534,119780.44
1535,285905.57
1536,110622.01
1537,220670.8
1538,163793.61
1539,190857.14
1540,165229.37
1541,156479.16
1542,50841.43
1543,205380.42
1544,143249.41
1545,162169.12
1546,161107.0
1549,129619.47
1550,99152.35
1551,260592.97
1553,199680.98
1555,178486.99
1556,254784.49
1557,133239.13
1559,132421.37
1560,183571.35
1563,195553.52
1564,285835.72
1565,101539.6
1566,86270.09
1567,130132.22
1569,69209.3
1570,208362.4
1571,75730.4
1572,81666.5
1573,167822.84
1574,86101.27
1575,152817.22
1576,119006.73
1577,130692.57
1579,270454.42
1580,55721.85
1581,144697.12
1582,259399.15
1583,176345.37
1584,171676.6
1585,198913.0
1586,200634.02
1587,104435.17
1589,73956.08
1591,272790.35
1592,122188.23
1593,198996.27
1595,151989.61
1596,64733.83
1597,231153.87
1598,202417.24
1599,110028.05
1600,230061.8
1601,53815.66
1602,98330.26
1603,50159.64
1604,71263.72
1605,186483.44
1606,148405.16
1607,139107.66
1608,251525.02
1609,201121.46
1610,236088.7
1611,97026.01
1612,216828.61
1613,200633.55
1615,188027.26
1616,198961.26
1617,47811.81
1618,222539.48
1619,230014.94
1620,90194.71
1621,64270.72
1622,61829.45
1623,284440.31
1624,173731.04
1625,156832.94
1626,106955.82
1627,175313.7
1629,90074.24
1630,183668.15
1631,259537.82
1633,134547.96
1634,173608.69
1635,170423.1
1636,130271.72
1637,260326.91
1638,123221.64
1639,189749.78
1640,243542.02
1641,208862.02
1642,245431.19
1643,114794.95
1644,123101.06
1645,48073.43
1646,223016.55
1647,86233.44
1648,245808.56
1649,62352.74
1650,95334.89
1651,126416.61
1652,176066.4
1653,166186.0
1654,66944.18
1655,128866.72
1656,236862.13
1658,132791.64
1659,68225.51
1660,263484.69
1661,245014.11
1662,143890.73
1664,52683.76
1665,272137.96
1666,255063.32
1668,130066.49
1669,68532.19
1670,104378.82
1671,231500.77
1673,139821.97
1674,133866.92
1676,270766.24
1677,103257.28
1678,183358.43
1679,51943.89
1680,69688.58
1681,275514.12
1682,83133.38
1684,218847.64
1685,53888.51
1686,41689.06
1687,200523.37
1688,280143.42
1689,226903.5
1690,228363.69
1691,41574.54
1692,81092.05
1694,155735.87
1695,80079.32
1696,87750.71
1697,61449.91
1698,200607.75
1702,192645.22
1703,145050.06
1704,120754.88
1705,42738.65
1707,173946.13
1708,163810.9
1710,105548.72
1711,54046.02
1712,274610.48
1713,162028.4
1714,60030.53
1716,170688.63
1718,239540.4
1720,231701.16
1721,201968.29
1722,212486.1
1723,271101.45
1724,155570.76
1725,129023.91
1726,80045.98
1727,145106.59
1728,54707.43
1729,230426.22
1730,130088.34
1731,107385.58
1732,230799.86
1733,124338.2
1735,138096.74
1736,186139.29
1737,159699.28
1738,166023.71
1739,41555.82
1740,249760.99
1741,203103.67
1743,187727.59
1744,131761.96
1746,172525.59
1747,164049.38
1748,204624.68
1749,178618.52
1750,279154.17
1751,278039.75
1752,175456.21
1753,280811.36
1754,201004.89
1755,217696.11
1756,123395.63
1757,242867.62
1758,204051.82
1759,192482.01
1760,257234.08
1761,256626.79
1762,194722.39
1763,218082.43
1764,123533.41
1765,72628.3
1766,148049.83
1767,106380.89
1768,99670.16
1769,100527.68
1770,145073.01
1771,136681.58
1772,122386.66
1773,117582.38
1774,221354.91
1775,138178.35
1776,62630.33
1777,217372.17
1778,68314.44
1779,152425.4
1780,256498.45
1781,245181.69
1782,120544.0
1784,218933.73
1786,262082.98
1787,81214.38
1788,218338.58
1789,140270.69
1790,273345.47
1791,282078.29
1792,193372.83
1793,227697.76
1794,202823.28
1796,265343.84
1797,85703.45
1798,96118.84
1800,48081.46
1801,224846.08
1802,258343.17
1803,113847.16
1804,195944.83
1805,168394.78
1807,204911.71
1808,249832.87
1809,251682.51
1810,211500.57
1811,262253.16
1812,260459.72
1813,75183.01
1816,261953.95
1817,248635.78
1819,42685.64
1820,203348.49
1822,225189.89
1823,182131.26
1824,61228.69
1825,46412.17
1826,87602.46
1827,269555.85
1828,262160.19
1829,201609.31
1831,246786.78
1832,153073.26
1833,286587.01
1834,258311.36
1835,281601.11
1836,70152.67
1837,238966.77
1838,238490.87
1839,43780.06
1840,209657.16
1841,251942.19
1842,250051.84
1843,78085.69
1844,110669.2
1845,143844.23
1846,135621.97
1848,121456.77
1849,282234.21
1850,84044.29
1851,175410.75
1852,138574.46
1853,88853.69
1854,215704.95
1856,87447.97
1857,173650.2
1858,53649.72
1859,101193.71
1860,87421.16
1861,43987.28
1862,151216.1
1864,161455.94
1866,180341.69
1867,161521.06
1868,211389.98
1869,284460.63
1870,51558.02
1871,83889.1
1872,154995.67
1873,52382.27
1874,111247.84
1875,212565.96
1876,272749.49
1877,181299.39
1879,98010.89
1880,104744.79
1881,161285.74
1882,256372.0
1884,128470.01
1885,42116.78
1886,115155.51
1887,49319.32
1889,127344.18
1890,192841.69
1891,87113.26
1892,184732.94
1893,58983.67
1894,57280.31
1895,270139.74
1896,174699.23
1897,195534.67
1898,274797.8
1899,181832.97
1900,184786.26
1901,135390.24
1904,52632.86
1905,198078.15
1906,143182.63
1907,158178.29
1908,73522.32
1909,157406.39
1911,150223.44
1912,217386.03
1913,272997.45
1914,80552.84
1915,260548.87
1916,124141.01
1917,225990.92
1918,285266.48
1919,283941.05
1920,185690.25
1921,85236.19
1922,127566.55
1924,205302.0
1925,154412.81
1926,197284.8
1927,188190.35
1928,133061.21
1929,232985.86
1930,191942.72
1931,134355.78
1932,174746.76
1933,65445.41
1934,200041.44
1935,137642.29
1936,261594.5
1937,180132.13
1938,215255.39
1939,189295.62
1940,59708.61
1942,115148.45
1943,90710.82
1945,263192.03
1946,210317.07
1947,190399.68
1948,192257.96
1949,140087.75
1950,246574.3
1951,74667.22
1952,113434.09
1953,257429.13
1954,201325.44
1956,82202.16
1957,271308.11
1958,107378.87
1959,231408.83
1960,152452.33
1961,80081.95
1962,261955.13
1963,120554.24
1964,106867.85
1965,96898.45
1966,262507.76
1967,260618.08
1968,129503.88
1969,264976.12
1970,103992.68
1971,155435.99
1972,231500.85
1973,192883.77
1974,113935.07
1975,184097.67
1977,198773.96
1978,218108.02
1979,155332.41
1980,122012.95
1981,203681.34
1982,278547.76
1983,117624.24
1984,106916.85
1985,273229.15
1986,63403.41
1987,191190.55
1988,205267.85
1989,204058.01
1990,163790.53
1992,50526.45
1993,121659.5
1995,180088.74
1996,185421.82
1997,279671.68
1998,112275.78
1999,53564.76
2000,239858.7
